,Longitude,Latitude,Elevation,Zelevation,Precip,logPrecip,Slope5,Zslope5,Slope10,Zslope10,Slope15,Zslope15,holdout_ind.1,holdout_ind.2,holdout_ind.3,holdout_ind.4,holdout_ind.5,holdout_ind.6,holdout_ind.7,holdout_ind.8,holdout_ind.9,holdout_ind.10,holdout_ind.11,holdout_ind.12,holdout_ind.13,holdout_ind.14,holdout_ind.15,holdout_ind.16,holdout_ind.17,holdout_ind.18,holdout_ind.19,holdout_ind.20
16839,-104.7,38.82,1883,-0.447885244,430.9999612,6.066108,-384.048,-0.735574026,-1285.0368,-1.973038339,-754.9896,-0.944566542,0,0,0,0,0,0,0,0,0,0,0,0,0,0,0,0,1,0,0,0
24158,-102.23,40.07,1093,-1.593420166,572.0000049,6.349139,-145.0848,-0.301897882,-231.0384,-0.331878137,-327.0504,-0.388310187,0,0,0,0,0,0,0,0,0,0,0,0,0,0,0,1,0,0,0,0
9983,-108.03,37.68,2758,0.820903436,788.9997469,6.670766,338.9376,1.067752253,1210.056,2.380386009,1288.0848,2.08978467,0,0,0,0,0,0,1,0,0,0,1,0,0,1,0,0,0,0,0,0
25040,-105.83,40.27,2689,0.720850386,447.9998959,6.104793,794.004,2.278427466,-435.2544,-0.757846187,-690.9816,-1.01069542,0,0,0,0,0,0,0,0,0,0,0,0,0,0,0,0,0,0,1,0
13232,-103.75,38.22,1313,-1.274410441,171.999918,5.147494,-118.872,-0.282646346,-110.0328,-0.116018009,-136.8552,-0.088525325,0,0,0,1,0,0,0,0,0,0,0,0,0,0,1,0,0,0,0,0
24804,-105.569,40.207,2606.5,0.601221739,587.0001058,6.375025,-970.1784,-2.840596037,-1175.9184,-2.397837582,-1125.0168,-1.838876727,0,0,1,0,0,0,1,0,0,0,0,0,0,0,0,0,0,0,0,0
10959,-107.727,37.847,3041.6,1.232135972,895.0002521,6.796824,392.8872,1.055702787,70.104,0.303191228,1024.128,1.778370853,0,0,1,0,0,0,0,0,0,1,1,0,0,0,0,0,0,1,1,1
14378,-106.43,38.4,2728,0.77740211,476.0000694,6.165418,1135.0752,2.636864231,458.1144,1.145067785,-442.8744,-0.622831473,0,0,0,0,0,0,1,0,0,0,0,0,0,1,0,0,1,0,0,0
19979,-104.97,39.38,1874,-0.460935642,478.0001279,6.169611,-91.1352,-0.100973233,-455.9808,-0.599898618,-1637.9952,-2.238712979,0,0,0,0,0,0,0,1,1,0,0,0,0,0,1,0,0,0,0,0
25287,-105.645,40.311,2863,0.973158077,797.000256,6.680855,-128.016,-0.28172518,-1132.9416,-2.149992071,-1452.9816,-2.222230238,0,0,0,0,0,0,0,1,0,0,0,0,0,0,0,0,0,1,0,0
26733,-105.887,40.532,3098.7,1.314933496,1200.000197,7.090077,797.052,2.319198159,361.7976,0.935501014,-489.204,-0.554695094,0,0,0,0,0,0,0,0,1,0,0,0,0,0,0,0,0,0,1,1
15871,-104.7,38.68,1683,-0.737894085,369.9999979,5.913503,-648.9192,-1.307019274,-1128.0648,-1.89033257,-811.0728,-1.109567699,0,0,0,0,0,0,0,0,0,0,0,0,0,0,0,0,0,1,0,0
21933,-104.22,39.7,1595,-0.865497975,392.0000628,5.971262,-142.0368,-0.257426441,-224.9424,-0.255299316,-171.9072,-0.053198738,0,0,1,0,0,1,1,0,0,0,0,0,0,1,0,0,0,0,0,0
26514,-104.9,40.48,1462,-1.058353854,352.9999799,5.866468,-135.0264,-0.235656443,-911.9616,-1.533191242,-1600.2,-2.318944107,0,0,0,0,0,0,0,0,0,0,0,0,0,0,0,1,0,0,0,0
14949,-102.78,38.48,1285,-1.315011679,349.9999459,5.857933,-134.112,-0.226653326,-172.8216,-0.272467393,-121.92,-0.069357929,0,0,0,0,0,0,0,0,0,0,0,0,0,1,0,0,0,0,0,0
14715,-102.45,38.45,1191,-1.451315834,308.9999144,5.733341,-9.144,0.027060865,-121.0056,-0.157799556,-248.1072,-0.280766248,0,0,0,0,0,0,0,1,0,0,0,0,0,0,0,0,0,1,0,0
24378,-103.17,40.12,1396,-1.154056772,458.9999036,6.12905,-43.8912,-0.042937027,-51.816,0.01274764,-131.064,-0.064397033,0,0,0,0,0,0,0,0,0,0,0,0,0,0,0,1,1,0,0,0
16805,-106.13,38.83,2426,0.33948876,271.999982,5.605802,-504.1392,-0.977386433,24.9936,0.098697231,-128.016,-0.091250079,1,0,0,1,0,0,0,0,0,0,0,0,0,0,0,0,1,0,0,1
10244,-107.27,37.72,2861,0.970257989,582.9998914,6.368187,-1009.8024,-3.000471174,-440.7408,-0.697631366,-747.9792,-0.981967143,0,0,0,0,0,0,0,0,0,1,0,1,0,0,0,0,0,0,1,0
21628,-106.83,39.67,2100,-0.133225651,308.0000668,5.7301,101.1936,0.329177653,-14.9352,0.139556111,572.1096,1.126107177,0,0,0,0,0,0,0,1,0,0,0,0,0,0,0,0,0,0,0,0
20216,-105.17,39.42,2292,0.145182836,384.0001718,5.950643,-441.96,-1.042225433,-897.9408,-1.509676132,-1053.084,-1.365505428,0,1,0,0,0,0,0,0,0,0,0,0,0,0,0,0,0,0,0,0
8417,-102.7,37.38,1378,-1.180157567,398.9998337,5.988961,-206.0448,-0.393565504,-356.9208,-0.54544733,-523.0368,-0.746849229,0,0,0,0,0,1,0,0,0,0,0,0,1,0,1,0,0,0,0,0
19949,-106.197,39.38,3441.8,1.812443663,703.0000761,6.555357,-7.9248,0.087603378,-187.1472,-0.15184344,868.9848,1.493415953,0,0,1,0,0,0,0,0,0,0,0,0,0,0,0,0,0,0,0,0
26711,-106.781,40.534,2525.1,0.48318814,1140.000523,7.038784,448.056,1.365228172,439.2168,1.090526305,642.8232,1.361918241,0,0,0,0,0,0,0,0,0,0,0,0,0,0,0,0,0,0,0,0
8325,-106.548,37.379,3367.7,1.704995388,790.0000431,6.672033,-147.2184,-0.257372227,-92.964,-0.062027212,-170.0784,-0.14371028,0,0,0,0,0,0,0,0,0,0,0,0,0,0,0,0,0,0,0,0
18194,-108.73,39.1,1594,-0.866948019,280.0001111,5.63479,-238.9632,-0.473575066,181.9656,0.457658183,911.0472,1.489884623,1,1,0,0,0,0,0,0,0,0,0,0,1,0,0,0,0,0,0,0
24052,-106.67,40.08,2695,0.729550651,662.000294,6.495266,-4.8768,0.057969255,-1036.0152,-1.884016837,-413.9184,-0.533431775,0,0,0,0,0,0,0,0,0,0,0,0,0,0,0,1,0,1,0,0
9044,-106.835,37.486,3095.8,1.310728368,1254.00035,7.134094,-192.024,-0.419073102,999.1344,2.086859253,-780.8976,-1.136620795,0,0,0,0,0,0,0,0,0,0,0,0,0,0,0,0,0,0,0,0
12265,-103.7,38.03,1285,-1.315011679,173.0000702,5.153292,-131.064,-0.244724178,-156.972,-0.157172888,-254.8128,-0.228015587,0,0,0,0,1,0,0,0,0,0,0,0,0,0,0,0,0,0,0,0
23596,-105.5,39.98,2555,0.526544462,498.9999522,6.212606,-1499.9208,-3.804573582,-1063.1424,-1.899411405,-931.164,-1.441597387,0,1,0,0,0,0,0,1,0,0,0,0,0,0,0,1,0,0,0,0
19697,-106.615,39.317,2929,1.068860995,718.9997428,6.577861,687.9336,1.820157203,1095.1464,2.097242595,1551.1272,2.580302095,0,1,0,0,0,0,0,0,0,0,0,0,0,0,0,0,0,0,0,0
21728,-102.68,39.65,1302,-1.290360927,415.9998917,6.030685,-104.8512,-0.141114741,-238.9632,-0.252027008,-445.3128,-0.466172974,0,0,0,0,0,0,0,0,0,0,0,0,0,0,0,0,0,0,0,0
26994,-105.08,40.58,1524,-0.968451113,357.0000779,5.877736,-704.088,-1.852981976,-1217.0664,-2.32840637,-1910.1816,-3.119099652,0,0,0,0,0,0,0,0,0,0,0,0,0,0,0,0,0,0,0,0
26478,-106.42,40.48,2546,0.513494064,438.0000393,6.082219,-235.0008,-0.496461577,719.9376,1.528158567,1064.9712,1.922854133,0,0,1,1,0,0,0,1,0,0,0,1,0,0,0,0,0,0,0,0
16832,-104.98,38.85,2880,0.997808829,556.9998664,6.322565,-858.012,-1.689935174,-826.008,-1.24711145,-1079.9064,-1.386781101,0,0,0,0,0,0,0,1,0,1,0,0,0,0,0,0,1,0,0,0
23780,-107.92,40.03,1908,-0.411634139,426.9999944,6.056784,192.024,0.546481393,511.1496,1.084774586,350.8248,0.762554905,0,0,0,1,0,0,1,0,1,0,0,1,0,0,1,0,0,0,0,0
12270,-103.52,38.05,1284,-1.316461723,195.0000861,5.273,-50.9016,-0.042921773,-179.832,-0.196730371,-216.1032,-0.171590463,0,0,0,0,0,0,0,0,0,1,0,0,0,0,0,0,0,0,0,0
21183,-105.22,39.57,2174,-0.02592238,547.0001081,6.304449,-1059.18,-2.544483241,-2107.0824,-3.644611019,-1817.2176,-2.551310312,0,0,0,1,0,0,0,0,0,0,1,1,0,0,0,0,0,0,0,1
20446,-105.68,39.47,2757,0.819453392,408.9999362,6.013715,-786.9936,-2.166240587,-1138.1232,-1.963349877,-1329.8424,-1.746368345,1,0,0,0,0,0,0,0,0,0,0,1,0,0,0,0,0,0,0,0
6724,-102.68,37.08,1345,-1.228009026,447.0001812,6.102559,-149.0472,-0.325107891,-342.9,-0.640040241,-608.9904,-1.049086771,0,0,0,0,0,0,0,0,0,0,0,0,0,1,0,0,0,0,0,0
21651,-105.87,39.646,3391,1.738781418,762.0003386,6.635947,477.012,1.186974282,-284.988,-0.332474696,-747.9792,-0.939850082,0,1,1,0,0,0,1,0,1,0,0,0,0,0,0,0,0,0,0,0
15091,-106.97,38.53,2344,0.220585135,294.9998949,5.686975,-64.9224,-0.082358206,325.8312,0.789706533,898.2456,1.656188261,1,1,0,0,1,0,0,0,0,0,0,0,0,0,0,1,0,0,0,0
28112,-108.92,40.8,1630,-0.814746428,271.0000485,5.602119,-303.8856,-0.606532795,-466.9536,-0.589530684,-739.14,-0.797326181,0,0,0,0,0,0,0,0,0,1,0,0,0,0,0,0,0,0,1,0
24965,-108.97,40.23,1811,-0.552288427,344.0001179,5.840642,173.1264,0.55583973,207.8736,0.530654081,373.9896,0.781611156,0,0,0,0,0,0,0,1,0,1,0,0,0,0,0,0,0,1,0,0
14433,-104.12,38.42,1537,-0.949600539,158.9999678,5.068904,1.2192,0.058745392,-253.8984,-0.455812039,-313.0296,-0.399540292,0,0,0,0,0,0,0,0,0,1,0,0,0,0,0,0,1,0,0,0
7809,-107.88,37.28,1987,-0.297080646,573.0001623,6.350886,-202.9968,-0.406327451,257.8608,0.567642001,473.964,0.953413032,1,0,0,0,0,0,0,0,0,0,0,0,0,0,0,0,0,0,1,0
18678,-108.75,39.17,1369,-1.193207965,219.0000592,5.389072,74.9808,0.304346125,208.1784,0.536614808,124.968,0.341378047,0,0,0,0,0,1,0,0,0,1,0,0,0,0,0,0,0,0,0,0
19953,-106.06,39.361,3534.4,1.946717757,688.9998133,6.535241,-633.984,-1.331211129,309.0672,0.675179041,-377.952,-0.362892796,0,0,0,1,0,0,0,0,0,0,0,0,0,0,0,0,0,0,0,0
8034,-108.57,37.35,1884,-0.4464352,271.999982,5.605802,352.9584,0.935270987,875.0808,1.761686905,809.8536,1.545440219,0,0,0,0,0,0,0,0,0,0,0,1,0,1,0,0,0,0,0,0
25774,-105.52,40.38,2309,0.169833588,384.0001718,5.950643,-1132.9416,-3.085359569,-1829.1048,-3.302842084,-1393.8504,-1.988339157,0,0,0,0,0,0,0,0,1,0,0,0,0,0,0,0,0,0,0,0
26468,-106.83,40.5,2066,-0.182527154,749.0000123,6.618739,729.0816,2.018558662,567.8424,1.242836648,634.8984,1.238364504,0,0,0,0,0,1,0,0,0,0,0,0,0,0,0,0,1,0,1,0
18528,-104.92,39.12,2226,0.049479919,587.0001058,6.375025,-181.0512,-0.343550404,-178.0032,-0.1942562,-1100.0232,-1.429274992,0,0,0,0,0,0,0,1,1,0,0,0,0,0,0,0,0,0,0,0
12533,-102.62,38.08,1105,-1.576019635,249.0000258,5.517453,-61.2648,-0.075907698,-106.9848,-0.076989768,-127.1016,-0.048691242,0,0,0,0,0,0,0,0,0,0,0,0,0,0,0,0,0,0,0,0
12160,-108.07,38.03,2355,0.236535621,636.0002777,6.455199,520.9032,1.396550894,836.0664,1.561204187,1787.0424,2.748298595,0,0,0,0,0,0,0,0,0,0,0,0,0,0,0,0,0,0,1,1
13698,-104.5,38.28,1412,-1.130856064,192.9999635,5.26269,-103.9368,-0.227226853,-113.9952,-0.124107721,-425.8056,-0.555272967,0,0,0,0,0,0,0,0,0,1,0,0,0,0,0,0,0,0,1,0
22153,-105.13,39.75,1701,-0.711793289,290.0000223,5.669881,-587.9592,-1.464894006,-831.1896,-1.394723012,-1655.9784,-2.478705663,0,0,0,1,0,0,0,0,0,0,1,0,0,0,0,0,1,1,0,0
15113,-106.05,38.53,2252,0.087181068,154.0000612,5.036953,-316.992,-0.61763172,-210.0072,-0.342068185,-633.984,-0.94159475,1,0,0,0,0,0,0,0,1,0,0,0,0,0,1,0,0,0,1,0
7652,-104.33,37.25,1745,-0.647991344,494.0002385,6.202536,-392.8872,-0.890453187,-627.2784,-1.097649024,-837.2856,-1.388487743,0,0,0,0,0,0,0,0,0,0,0,0,0,0,0,0,0,0,0,0
26560,-103.02,40.48,1369,-1.193207965,524.0001654,6.261492,-4.2672,0.105457589,-67.9704,0.050088105,-231.0384,-0.139831837,0,0,0,0,0,0,1,0,0,0,1,1,1,0,0,0,0,1,0,0
11201,-107.713,37.892,3385,1.730081152,1130.999462,7.030857,681.8376,1.767807576,411.7848,0.829740644,992.124,1.606502748,0,0,0,0,0,0,0,0,0,0,0,1,0,0,0,0,0,0,0,0
17096,-104.08,38.87,1838,-0.513137233,270.0000111,5.598422,-208.1784,-0.44914983,-352.044,-0.573535762,-453.8472,-0.584187302,0,0,0,1,0,1,0,1,0,0,0,0,0,0,0,0,0,0,0,0
24530,-106.9,40.15,2406,0.310487875,427.9999163,6.059123,-28.956,0.000575578,-592.2264,-1.030908151,-381,-0.478414147,0,0,0,0,0,0,0,0,1,0,0,0,0,0,1,0,1,0,0,0
12449,-106.13,38.08,2347,0.224935267,231.0000669,5.442418,-422.7576,-0.973317602,829.056,1.51854326,-785.1648,-0.992735432,0,0,0,0,1,0,1,0,0,0,0,0,0,0,0,0,0,1,0,0
10955,-107.88,37.83,3001,1.173264178,854.9995991,6.751101,-190.1952,-0.333482327,1020.1656,2.017838649,1143,1.960173384,0,0,0,0,1,0,0,0,0,0,0,0,1,0,0,0,0,0,0,0
11681,-107.87,37.95,2634,0.641097954,644.0001764,6.467699,279.1968,0.737471776,1152.144,1.918635804,1236.2688,1.784662844,0,0,0,0,0,0,0,0,0,0,0,0,0,0,0,0,0,0,0,0
8370,-104.65,37.38,2042,-0.217328215,638.9997097,6.459904,-805.8912,-1.782313534,-1125.9312,-1.953841046,-1053.084,-1.652599343,0,0,0,0,0,0,0,0,0,0,0,0,0,0,0,0,1,1,0,1
14352,-107.52,38.4,2204,0.017578946,384.0001718,5.950643,153.924,0.405959784,680.0088,1.643972113,403.2504,0.83223031,0,0,0,0,0,0,0,1,1,0,0,0,1,1,0,0,0,0,0,0
13451,-104.72,38.27,1447,-1.080104517,322.0001463,5.774552,-181.9656,-0.470387674,-562.9656,-1.052324114,-1034.1864,-1.560581417,0,0,0,0,0,0,0,0,0,0,0,0,0,0,0,1,0,0,0,0
22379,-105.78,39.8,3505,1.904086457,940.0001173,6.84588,-412.0896,-1.006560008,37.1856,0.194903724,-1446.276,-2.069083242,0,0,0,0,0,1,0,0,0,0,0,0,0,1,0,0,0,0,0,0
12526,-102.93,38.07,1146,-1.516567823,207.9999834,5.337538,-56.0832,-0.063044318,-116.1288,-0.092576219,-202.9968,-0.157568965,0,0,0,0,0,0,0,0,0,0,0,1,0,0,0,0,0,0,0,0
21397,-106.38,39.617,3144.4,1.381200517,966.0001602,6.873164,1013.1552,2.474374487,1091.184,2.088053974,1390.8024,2.423547055,0,0,0,0,0,0,0,0,0,0,0,0,0,0,0,0,0,1,0,0
23612,-104.83,39.98,1517,-0.978601423,330.000114,5.799093,-24.0792,0.011336055,-127.1016,-0.121974537,-957.9864,-1.488377164,0,0,1,0,0,0,0,0,0,0,0,0,0,0,0,0,0,0,0,0
9819,-104.8,37.62,1910,-0.40873405,421.9998675,6.045005,-254.2032,-0.497547154,-1048.8168,-1.66054628,-1634.0328,-2.184970759,0,0,0,0,0,0,0,0,0,0,0,0,1,0,0,0,1,0,0,1
24388,-102.73,40.12,1262,-1.348362695,415.0001991,6.028279,-132.2832,-0.292363443,-241.0968,-0.365782463,-290.1696,-0.330625948,0,0,0,0,0,0,0,0,0,0,0,1,0,0,0,0,0,0,0,0
18955,-107.3,39.2,2461,0.390240307,809.0000671,6.695799,306.0192,0.914057152,-113.0808,-0.053368328,1170.1272,1.932183397,0,0,0,0,0,0,0,0,0,0,0,0,1,0,0,0,0,0,0,0
16793,-106.62,38.82,3201,1.463273019,484.0000451,6.182085,683.0568,1.413119466,-758.0376,-1.139620284,-188.0616,-0.172972657,1,0,0,1,0,1,0,0,0,0,1,0,0,0,0,1,0,0,0,0
20208,-105.48,39.4,2434,0.351089113,383.0000041,5.948035,-1115.8728,-2.839460957,-1248.7656,-2.174578524,-2035.1496,-2.838999511,0,0,0,0,0,0,1,0,0,0,0,0,0,0,0,0,0,0,0,1
20712,-104.65,39.52,1899,-0.424684537,372.9998435,5.921578,-41.148,0.012975271,47.8536,0.284969838,-851.0016,-1.047059891,0,0,0,0,0,0,0,0,0,0,0,0,0,0,0,0,0,0,0,0
7129,-105.95,37.17,2349,0.227835356,238.0000777,5.472271,-324.9168,-0.801673081,-722.0712,-1.399837601,-976.884,-1.760502444,1,0,0,0,1,0,0,0,0,0,1,0,0,1,0,0,0,0,0,0
27934,-106.27,40.73,2467,0.398940572,286.9999381,5.659482,466.9536,1.76923686,-337.7184,-0.33123141,204.216,0.830229817,1,0,0,0,0,1,0,0,0,1,0,0,0,0,0,1,0,0,0,0
26010,-105.733,40.432,3255,1.541575406,1016.999597,6.924612,-626.9736,-1.552192223,-444.0936,-0.699693581,-1214.9328,-1.733290706,0,0,0,0,0,0,0,0,0,0,0,0,0,0,0,0,0,0,0,0
21134,-107.23,39.57,1963,-0.331881707,630.0001138,6.44572,448.056,1.249979445,702.8688,1.473894643,484.0224,0.973729896,0,0,0,0,0,1,0,0,0,0,0,0,0,0,0,0,0,0,1,0
14698,-103.15,38.45,1388,-1.165657125,324.0001569,5.780744,8.2296,0.063800783,-179.832,-0.281325677,-202.9968,-0.206746168,0,0,0,0,0,0,0,1,0,0,0,1,0,0,0,1,0,1,0,0
8118,-105.067,37.331,3044.9,1.236921118,803.9997836,6.689599,-591.9216,-1.353430323,-301.1424,-0.470916038,-495.3,-0.72892798,1,0,0,0,0,0,0,0,0,0,0,0,1,1,0,0,0,0,1,0
15855,-105.38,38.68,2642,0.652698308,511.0002094,6.23637,-210.9216,-0.393891579,117.9576,0.275549575,-923.2392,-1.275638287,0,0,0,1,0,0,0,0,0,0,0,0,0,0,0,0,0,0,1,0
17304,-105.48,38.92,2726,0.774502021,372.0000542,5.918894,-234.0864,-0.516583983,106.9848,0.270632395,-701.04,-0.940304175,0,0,0,0,0,0,1,0,0,0,0,0,1,1,0,0,0,0,0,0
10024,-106.35,37.67,2422,0.333688583,283.000029,5.645447,-263.0424,-0.569029521,-1006.1448,-1.678749939,-1217.9808,-1.633811099,0,1,0,0,0,0,0,0,0,0,0,0,0,0,0,0,0,0,0,0
26035,-104.7,40.42,1423,-1.114905578,388.9998663,5.963579,-94.1832,-0.154993961,-154.2288,-0.14854946,-884.8344,-1.212853722,0,0,0,0,0,0,0,1,0,0,0,0,0,0,1,0,0,0,0,0
26458,-107.25,40.48,1955,-0.343482061,547.9998428,6.306275,140.8176,0.483943088,159.1056,0.476069728,854.964,1.588613627,0,0,0,0,0,0,0,0,0,1,0,0,0,0,0,1,0,1,0,0
18247,-106.542,39.088,3224.4,1.497204053,726.9996528,6.588926,-563.88,-1.217456325,-117.9576,-0.1066313,-71.9328,0.023031354,0,0,0,0,0,1,0,0,0,0,0,0,0,0,1,0,0,1,1,0
19936,-106.75,39.37,2685,0.715050209,429.0000348,6.061457,1000.9632,2.374008451,998.8296,1.824780931,973.2264,1.648599916,0,1,0,0,0,0,0,0,0,0,0,0,0,0,0,1,0,1,0,0
9240,-108.73,37.55,2117,-0.1085749,361.9999233,5.891644,199.9488,0.66965392,837.2856,1.745375372,1262.1768,2.150011157,0,0,0,0,0,0,0,0,1,0,0,0,0,0,0,1,0,0,0,0
18204,-108.35,39.1,1428,-1.107655357,328.0001285,5.793014,932.0784,2.207467895,1182.9288,2.340916987,1565.148,2.46596745,0,0,0,0,0,0,0,0,0,0,0,0,0,0,0,0,1,0,0,0
23531,-108.2,40,1987,-0.297080646,438.0000393,6.082219,-67.9704,-0.102148246,-208.1784,-0.275930319,444.0936,0.956929372,0,0,0,0,0,0,1,0,0,0,0,0,1,0,1,0,0,0,0,0
15343,-106.53,38.6,2783,0.857154541,541.9999992,6.295266,746.76,1.759935688,7.9248,0.106344159,-137.16,-0.103503914,0,0,0,0,0,0,0,0,0,0,1,0,0,0,0,0,0,0,0,0
12639,-108.28,38.13,2148,-0.063623529,479.9999501,6.173786,594.9696,1.578141722,559.308,1.103679023,790.0416,1.304904313,0,1,0,1,0,0,0,0,0,0,0,0,0,0,0,0,0,0,0,0
28474,-103.9,40.85,1507,-0.993101865,344.0001179,5.840642,-135.0264,-0.144840693,-225.2472,-0.111704429,-329.184,-0.122724373,0,0,1,0,0,0,0,0,0,0,0,0,0,0,0,0,0,0,0,0
22850,-106.33,39.88,2495,0.43954181,368.0000228,5.908083,-46.0248,-0.025708718,751.9416,1.527313768,992.124,1.815715879,1,0,0,0,0,0,0,0,0,0,0,0,0,0,0,0,0,0,0,0
21405,-106.03,39.63,2897,1.02245958,387.9998682,5.961005,608.9904,1.527846892,1014.984,1.954519168,-131.9784,0.026007362,0,1,0,0,0,0,1,0,1,0,0,0,0,0,1,0,0,0,0,0
24574,-105.07,40.17,1535,-0.952500627,273.0000559,5.609472,-406.908,-1.015422006,-1308.2016,-2.409440732,-2048.8656,-3.220969291,0,0,0,1,1,0,0,0,0,1,0,0,0,0,0,0,0,0,1,0
23837,-105.544,40.035,3016.8,1.196174876,800.0002179,6.684612,-1130.1984,-2.745747788,-950.0616,-1.693411978,-816.864,-1.224387917,0,0,0,0,0,0,0,0,0,0,0,0,0,1,0,0,0,0,0,0
10513,-106.12,37.75,2331,0.20173456,179.0000348,5.187386,-195.072,-0.445848498,-296.2656,-0.440417004,-207.8736,-0.137758621,0,0,0,0,1,1,0,0,0,1,0,0,0,0,0,0,0,0,1,0
24001,-108.8,40.08,1611,-0.842297268,372.0000542,5.918894,325.8312,0.906786308,267.0048,0.628437894,348.996,0.741092203,0,1,0,0,0,0,0,0,0,0,0,0,0,0,0,0,0,0,0,0
27532,-102.83,40.67,1295,-1.300511236,466.9998797,6.146329,-35.9664,0.153255974,-57.912,0.243273859,-205.1304,0.072554912,0,0,1,0,0,0,0,0,0,0,0,0,0,0,0,0,0,0,0,0
8300,-107.58,37.37,2322,0.188684162,678.9999134,6.520621,-303.8856,-0.620083857,-313.0296,-0.465063385,21.9456,0.184422309,0,0,0,0,0,0,0,0,0,0,0,0,0,0,0,0,0,0,0,0
16274,-108.07,38.75,1503,-0.998902042,188.9999972,5.241747,3.9624,0.045718703,-540.1056,-0.855855639,72.8472,0.192230308,0,0,0,0,0,0,0,0,1,0,0,0,0,0,1,1,0,0,0,0
21103,-108.53,39.58,2090,-0.147726093,458.9999036,6.12905,-118.2624,-0.175725645,-407.8224,-0.549300349,605.028,1.159086315,0,1,0,0,0,0,0,0,0,0,0,0,0,0,0,0,0,0,1,0
12968,-104.65,38.18,1502,-1.000352086,281.0000929,5.638355,-225.8568,-0.601707216,-794.004,-1.515059156,-1409.0904,-2.163600485,0,0,0,0,1,0,0,0,0,0,0,0,1,0,0,0,1,0,0,0
17246,-107.93,38.9,1891,-0.43628489,354.0000308,5.869297,-471.2208,-1.088703783,318.2112,0.66222092,352.044,0.607582042,0,0,0,0,0,0,0,0,0,0,0,0,0,0,0,0,0,0,0,1
12741,-104.03,38.13,1323,-1.259909999,217.9999863,5.384495,-106.9848,-0.199635768,-138.9888,-0.138465375,-288.036,-0.293459264,0,0,0,0,0,1,0,0,0,0,0,0,0,0,1,0,0,0,0,0
23602,-105.27,40,1667,-0.761094792,444.9998744,6.098074,-894.8928,-2.24022401,-2009.2416,-3.69594805,-1070.1528,-1.684001687,0,0,0,0,0,0,0,0,0,0,0,0,0,0,0,0,0,0,0,0
7563,-108.05,37.23,2320,0.185784074,527.9998502,6.269096,-132.2832,-0.257156739,-133.8072,-0.163330167,548.9448,1.103309478,1,0,0,0,0,0,0,0,1,0,0,0,0,0,0,0,0,0,0,0
18198,-108.58,39.07,1389,-1.164207081,207.9999834,5.337538,-630.0216,-1.368884311,704.088,1.440003594,1657.8072,2.60423827,0,0,0,0,0,0,0,0,1,0,0,0,0,0,0,0,0,0,0,1
14074,-108.98,38.38,1670,-0.75674466,470.9999557,6.154858,-843.0768,-2.074941963,65.8368,0.258927274,529.1328,1.058446773,0,0,0,1,0,0,0,0,0,0,0,0,0,0,0,0,0,0,0,0
25010,-107.1,40.23,2500,0.446792031,682.0002334,6.52503,167.0304,0.538926743,423.9768,0.963614597,151.1808,0.406632305,0,0,0,0,0,1,0,0,0,0,1,0,0,0,0,0,0,0,0,0
21886,-106.158,39.718,2851,0.955757547,625.9997677,6.43935,339.852,0.93381535,452.0184,0.979993413,78.0288,0.344659012,0,0,0,0,0,0,0,0,0,0,0,0,0,0,1,0,0,0,0,0
27727,-104.78,40.7,1579,-0.888698682,391.000172,5.968708,-17.9832,0.251943043,-349.9104,-0.385382557,-673.9128,-0.757094155,0,0,0,0,0,0,0,0,1,0,0,0,0,0,1,0,0,0,0,0
20637,-107.78,39.52,1622,-0.826346781,377.9999261,5.934894,58.8264,0.30358619,20.1168,0.232378172,545.8968,1.026138845,0,0,0,0,1,0,0,0,0,0,0,0,0,0,0,0,0,0,0,0
16896,-102.35,38.82,1305,-1.286010794,528.9997715,6.270988,-184.0992,-0.332962506,-145.9992,-0.171717765,-289.8648,-0.311527688,0,0,0,0,0,0,0,0,0,0,0,0,0,1,0,0,0,0,0,0
25112,-102.85,40.27,1292,-1.304861369,394.0000357,5.976351,-110.0328,-0.229768521,-178.9176,-0.244278071,-197.8152,-0.18071487,0,0,0,0,0,0,0,0,0,0,1,0,0,0,0,0,0,0,1,0
14602,-107.17,38.47,2311,0.172733676,265.9999179,5.583496,38.1,0.126967661,-124.0536,-0.164199873,775.1064,1.398189214,0,0,1,1,0,0,0,0,0,0,0,0,0,0,0,0,0,0,0,0
26714,-106.677,40.537,3231.6,1.507644371,1566.000193,7.35628,386.1816,1.196096376,215.1888,0.641929497,552.9072,1.209683203,1,0,0,0,0,1,0,0,0,0,0,0,1,0,0,0,0,0,0,0
14406,-105.23,38.42,1670,-0.75674466,283.9999324,5.648974,-726.0336,-1.594854487,-613.8672,-1.265160957,-961.9488,-1.515472042,0,0,0,0,0,0,0,0,0,0,0,0,0,0,0,0,0,0,0,0
12303,-102.12,38.05,1033,-1.680422818,430.9999612,6.066108,-65.2272,-0.07898532,-113.0808,-0.08122252,-155.1432,-0.082732001,1,0,0,0,0,0,0,1,0,0,0,0,0,0,0,0,0,0,0,1
18441,-108.53,39.12,1462,-1.058353854,221.000066,5.398163,61.8744,0.231839841,412.0896,0.897517659,1466.088,2.239273412,0,0,1,0,1,0,1,0,0,0,0,1,0,0,0,0,0,0,0,0
7310,-108.5,37.2,2170,-0.031722557,393.0001525,5.97381,530.0472,1.474008627,582.7776,1.306591645,509.9304,1.100988142,0,0,0,0,0,0,0,0,0,0,0,0,0,0,0,0,0,0,0,0
18471,-107.288,39.129,2673.5,0.6983747,865.0004265,6.76273,1231.0872,3.001221246,210.9216,0.525322026,480.06,0.829634015,0,0,0,0,0,0,0,0,0,0,0,0,1,0,0,0,0,0,0,1
11189,-108.195,37.892,2954.2,1.105402109,958.0002127,6.864848,1013.1552,2.562624078,1778.2032,3.05934006,1168.2984,1.856905778,1,0,0,0,0,1,0,0,0,0,0,0,0,0,0,0,0,0,0,0
16626,-103.52,38.8,1499,-1.004702219,368.0000228,5.908083,-147.828,-0.27473631,-295.0464,-0.416154209,-472.1352,-0.582305327,0,0,0,1,0,0,1,0,0,0,0,0,0,0,0,0,0,0,0,0
24620,-103.15,40.15,1385,-1.170007258,496.999987,6.20859,-49.0728,-0.053501712,-56.0832,0.001377422,-117.0432,-0.044376729,0,0,0,0,0,0,0,0,0,0,0,0,0,0,0,0,0,0,0,0
28192,-105.6,40.8,2578,0.559895479,387.0001188,5.958425,-1047.9024,-2.784839637,-1214.0184,-2.166015685,-767.7912,-0.846664556,0,0,0,0,0,0,0,0,0,0,0,0,0,0,0,0,0,0,0,0
7948,-102.07,37.3,1123,-1.54991884,432.0001779,6.068426,-137.7696,-0.254025973,-281.0256,-0.431317517,-410.2608,-0.603993598,0,1,0,0,0,0,0,0,0,0,0,0,0,0,0,0,0,0,0,0
19003,-105.28,39.22,2096,-0.139025828,434.9999865,6.075346,-622.0968,-1.52144332,-775.1064,-1.28128139,-820.8264,-1.060215129,1,1,0,0,0,1,0,0,0,0,0,0,0,0,0,0,0,0,0,0
21676,-104.85,39.65,1691,-0.726293731,453.9999101,6.118097,126.1872,0.386224955,-374.904,-0.489640709,-1274.064,-1.763180082,0,0,0,0,0,0,0,0,0,0,0,0,0,0,0,0,0,0,0,0
28401,-106.969,40.848,2646.7,0.659513516,878.0003568,6.777647,291.084,1.112166822,-383.1336,-0.458669603,338.0232,1.041151235,0,0,1,0,0,0,0,0,0,0,1,1,0,0,0,0,1,0,0,0
17973,-107.874,39.046,3030.1,1.215460464,1070.000078,6.975414,99.9744,0.273789567,345.948,0.715420464,1940.9664,2.786215366,0,0,0,0,0,1,0,0,0,0,0,0,0,0,0,0,0,0,0,0
12519,-103.22,38.07,1187,-1.457116011,205.0000043,5.32301,-78.0288,-0.117524515,-153.0096,-0.155441571,-200.8632,-0.154508145,0,0,0,0,0,0,1,0,0,0,0,0,0,0,0,0,0,0,0,0
21498,-102.18,39.62,1119,-1.555719017,492.9999142,6.200509,-98.1456,-0.128219488,-178.0032,-0.136101765,-307.2384,-0.249930453,1,0,0,1,0,0,0,0,1,0,0,0,0,1,0,0,1,0,0,0
20702,-105.1,39.5,1745,-0.647991344,364.0000482,5.897154,-640.08,-1.728032219,-783.9456,-1.292202223,-1109.1672,-1.430214884,0,0,0,0,0,0,0,0,0,1,1,0,0,0,1,0,0,0,0,0
25518,-106.094,40.347,2914,1.047110332,602.9998814,6.401917,-378.2568,-1.015141028,446.8368,0.990452816,-383.1336,-0.440584128,0,0,0,0,0,0,0,0,0,0,0,0,0,0,0,0,0,0,0,1
6847,-107.63,37.13,1976,-0.313031133,283.000029,5.645447,217.0176,0.607216666,249.936,0.620781117,105.156,0.335868056,0,0,0,0,1,0,0,0,0,0,0,1,1,0,1,0,0,0,0,0
26008,-105.82,40.414,3260,1.548825627,855.999678,6.75227,152.0952,0.490850544,-566.928,-0.933248871,-1042.1112,-1.460818157,0,0,0,1,0,0,0,0,0,1,0,0,0,0,0,0,0,0,0,0
25040.1,-105.85,40.25,2628,0.632397689,315.0001138,5.752573,794.004,2.278427466,-435.2544,-0.757846187,-690.9816,-1.01069542,0,0,0,0,0,0,0,0,0,0,0,0,0,0,0,0,0,0,0,0
12706,-105.48,38.13,2380,0.272786726,506.0001673,6.226537,-845.82,-2.070817981,128.016,0.336488135,-855.8784,-1.135345424,0,0,0,0,1,0,1,0,0,0,0,0,0,0,0,0,0,0,0,0
7391,-105.122,37.214,3128.7,1.358434823,969.9999306,6.877296,-443.1792,-1.112014986,-194.1576,-0.305174737,-462.9912,-0.757588902,0,0,0,0,0,0,0,0,0,0,0,0,0,0,0,0,0,0,0,0
16794,-106.59,38.82,2921,1.057260641,563.0002094,6.33328,384.9624,0.812884609,-768.096,-1.155527048,-317.9064,-0.349692547,1,0,0,0,1,0,0,0,0,1,0,0,1,0,0,0,0,0,0,0
24058,-106.4,40.07,2324,0.191584251,311.9999414,5.743003,-348.0816,-0.822922912,148.1328,0.399231497,-327.0504,-0.388310187,0,0,0,0,0,1,0,0,0,0,0,0,0,0,0,0,0,0,0,0
27281,-103.2,40.62,1199,-1.43971548,520.000098,6.253829,50.9016,0.362460446,-106.9848,0.087564907,-237.1344,-0.040102395,0,0,0,0,0,0,0,0,0,0,0,0,0,0,0,0,0,0,0,0
7389,-105.2,37.209,3212.8,1.48038354,823.9995634,6.71417,32.9184,0.153055131,-77.1144,-0.062366463,-359.0544,-0.559037909,0,1,0,0,0,0,0,0,0,0,0,0,1,0,0,0,0,0,0,0
26208,-107.6,40.45,1924,-0.388433431,466.0001705,6.144186,121.92,0.433926486,60.0456,0.274730782,210.0072,0.532253839,0,0,0,0,0,0,0,0,0,0,0,0,0,0,0,0,0,0,0,0
24847,-103.8,40.22,1321,-1.262810087,372.0000542,5.918894,-53.9496,-0.081105913,-89.916,-0.072619415,-48.1584,0.073515344,0,1,0,0,0,0,0,0,0,0,0,0,0,0,0,0,0,0,0,0
23358,-105.35,39.95,2309,0.169833588,587.0001058,6.375025,-1030.224,-2.712391149,-1245.108,-2.300071216,-1392.0216,-2.243021682,0,0,0,0,0,0,0,0,0,0,0,0,1,1,0,1,1,0,0,0
8427,-102.28,37.38,1203,-1.433915303,425.9998525,6.054439,-178.0032,-0.328644356,-312.7248,-0.464505163,-494.0808,-0.697368918,0,1,0,0,0,0,0,0,0,0,0,0,0,0,0,0,0,0,0,0
14080,-108.73,38.37,1623,-0.824896737,380.9998571,5.942799,404.1648,1.068458552,131.9784,0.408318679,659.892,1.286990388,0,0,0,0,0,0,0,0,0,0,0,1,0,0,0,0,0,0,0,1
20679,-106.03,39.48,3023,1.20516515,444.0001943,6.095825,-92.964,-0.137646242,403.86,0.959992545,-343.8144,-0.294320922,0,0,0,0,0,0,0,1,0,0,0,0,0,0,0,0,0,0,0,0
28188,-105.77,40.806,3120.8,1.346979473,794.9999088,6.678342,-299.9232,-0.594931817,-537.972,-0.739396455,-733.9584,-0.788403283,1,0,1,1,0,0,0,1,0,0,0,0,0,0,1,0,0,0,0,0
14370,-106.77,38.43,2553,0.523644374,356.0000958,5.874931,-153.0096,-0.291934213,710.184,1.71181762,67.9704,0.255656837,0,0,0,0,0,0,0,0,0,0,0,0,0,1,0,1,0,1,0,0
22634,-105.23,39.82,1805,-0.560988692,384.0001718,5.950643,-1082.04,-2.691585393,-1880.9208,-3.260206407,-2043.0744,-3.006591162,0,1,0,0,0,0,0,0,0,0,1,0,0,0,0,0,0,0,0,0
23836,-105.576,40.033,3149.6,1.388740746,887.0000157,6.787845,-763.2192,-1.83199861,-1064.9712,-1.911888477,-856.1832,-1.291293587,0,0,0,0,0,0,0,0,0,0,0,1,0,0,0,0,0,0,1,0
19981,-104.87,39.37,1922,-0.39133352,447.9998959,6.104793,-282.8544,-0.535459273,-205.1304,-0.181815385,-1078.992,-1.406527634,0,0,0,0,0,0,0,0,0,0,0,0,0,0,0,0,0,0,0,0
7164,-104.48,37.17,1896,-0.429034669,625.9997677,6.43935,-397.1544,-0.994980592,-594.9696,-1.135600606,-1445.0568,-2.669610874,0,0,0,0,0,0,0,0,0,0,0,0,0,0,1,0,0,0,0,0
11939,-107.204,37.992,3525.7,1.934102372,725.0002502,6.586172,122.2248,0.35699817,3.048,0.122302652,-627.888,-0.718482095,0,0,0,0,0,0,0,0,0,0,0,0,0,0,1,0,1,0,0,0
10285,-105.53,37.72,2444,0.365589555,299.0001276,5.700444,348.0816,1.263963345,-127.1016,-0.071713897,-341.0712,-0.344200774,0,0,0,0,1,0,0,0,0,0,0,0,0,0,0,0,0,0,0,1
20648,-107.32,39.52,1790,-0.582739355,576.9998462,6.357842,284.988,0.961004795,989.9904,2.071352704,1434.084,2.344336775,0,0,0,0,0,0,0,0,0,0,0,0,0,1,0,0,0,0,0,1
19560,-102.27,39.3,1268,-1.33966243,475.0000931,6.163315,-84.1248,-0.089491467,-198.12,-0.194269306,-341.9856,-0.33490404,0,0,0,0,0,0,0,0,1,0,0,0,0,0,0,0,0,0,0,0
28665,-106.046,40.875,2956.2,1.108302197,831.9996332,6.723832,433.1208,1.697147333,142.0368,0.667019788,-1132.0272,-1.740497724,0,0,0,0,0,0,0,1,0,0,0,0,1,0,0,0,0,0,0,0
14827,-107.88,38.48,1766,-0.617540416,235.0001142,5.459586,672.9984,1.460140598,569.0616,1.3614105,-38.1,0.076812511,0,1,0,0,0,0,1,0,1,0,0,1,0,0,0,0,0,0,0,0
27061,-102.3,40.58,1139,-1.526718132,661.0001059,6.493754,-99.06,-0.097469203,-222.8088,-0.200571787,-316.992,-0.230194915,0,0,0,0,0,0,0,0,0,0,0,0,0,0,0,1,1,0,0,0
18245,-106.612,39.075,3218.8,1.489083805,833.9996644,6.726233,254.2032,0.655505494,22.2504,0.157162564,314.2488,0.599311382,0,0,0,0,0,0,0,1,0,0,1,1,0,0,0,0,0,0,0,0
21655,-105.7,39.65,3425,1.788082921,425.9998525,6.054439,-635.2032,-1.351630666,-823.2648,-1.273339713,-1591.9704,-2.260708002,0,0,0,0,0,0,0,0,1,0,0,0,0,1,0,0,0,0,0,0
9765,-107.035,37.62,3461,1.840284512,1026.999784,6.934397,-175.8696,-0.309156719,-601.98,-0.892910299,-660.1968,-0.788282717,0,0,0,0,0,0,1,0,1,0,0,0,0,0,0,0,0,0,0,0
22159,-104.88,39.77,1610,-0.843747312,320.9999605,5.771441,46.9392,0.215393432,-398.9832,-0.595009791,-883.0056,-1.226125171,0,0,1,1,0,0,0,0,0,0,0,0,0,1,0,0,0,0,0,0
26008.1,-105.848,40.399,2752.7,0.813218201,616.0000225,6.423247,152.0952,0.490850544,-566.928,-0.933248871,-1042.1112,-1.460818157,0,0,0,0,0,0,0,0,0,0,1,0,0,0,0,0,0,0,0,0
8584,-105.85,37.43,2295,0.149532969,226.0000002,5.420535,-3.9624,0.082885539,-445.008,-0.726480223,71.9328,0.271749709,0,0,0,0,0,0,0,0,0,0,0,0,0,0,0,0,0,0,1,0
27024,-103.83,40.58,1457,-1.065604075,447.9998959,6.104793,-92.964,-0.079781417,-222.8088,-0.200571787,-266.0904,-0.137895874,0,0,0,0,1,0,1,0,0,1,0,0,0,0,0,0,0,0,0,0
27496,-104.33,40.65,1487,-1.022102749,377.9999261,5.934894,-39.9288,0.140626487,-106.9848,0.133243722,-181.0512,0.115919554,0,0,0,0,0,0,0,0,0,0,0,0,0,0,0,0,1,0,0,0
8592,-105.52,37.43,2357,0.239435709,265.0000461,5.57973,601.0656,1.609445091,341.0712,0.764581105,104.8512,0.327663509,0,0,0,1,0,0,0,1,0,0,0,1,0,0,0,0,0,0,0,0
16401,-102.78,38.77,1304,-1.287460839,315.9999325,5.755742,-24.0792,-0.012336462,-105.156,-0.117495284,-259.08,-0.292976818,1,0,0,0,0,0,0,0,0,0,0,0,0,0,0,0,0,0,0,0
19548,-102.73,39.3,1356,-1.21205854,433.0001178,6.070738,-126.1872,-0.193785751,-267.9192,-0.323649881,-420.9288,-0.458483688,0,0,1,0,1,0,0,1,0,0,1,0,0,0,0,0,0,0,0,0
6149,-106.452,37.019,3051.8,1.246926423,875.0000994,6.774224,313.944,1.039808924,87.1728,0.345152915,163.068,0.501825193,0,1,0,0,1,0,1,0,0,0,0,0,0,0,0,0,0,0,0,0
7164.1,-104.52,37.17,1851,-0.494286658,652.0002856,6.480045,-397.1544,-0.994980592,-594.9696,-1.135600606,-1445.0568,-2.669610874,0,0,1,0,0,0,0,0,0,0,0,0,0,0,0,0,0,0,0,0
19219,-106.37,39.25,2985,1.15006347,391.000172,5.968708,474.2688,1.339291873,205.1304,0.546263394,402.9456,0.811216567,0,0,0,0,0,0,0,0,0,1,0,1,0,0,0,0,0,0,0,0
20676,-106.171,39.489,3206,1.47052324,725.0002502,6.586172,423.0624,1.362366827,-413.004,-0.588860927,-182.88,-0.055471057,0,0,0,0,0,0,0,0,0,0,0,0,0,0,0,1,1,0,0,0
10712,-107.924,37.799,3110.4,1.331899014,895.99963,6.79794,475.1832,1.607882766,968.9592,2.192585574,1237.1832,2.259017679,0,0,0,0,0,0,0,0,0,0,0,0,1,1,0,1,0,0,0,0
14927,-103.7,38.52,1426,-1.110555446,287.9998617,5.66296,-91.1352,-0.136835371,-235.0008,-0.409407036,-195.9864,-0.198519445,0,0,0,0,0,0,0,0,0,0,0,0,0,0,0,0,1,0,0,0
14864,-106.34,38.489,3285,1.585076732,718.9997428,6.577861,-384.9624,-0.750909896,-251.7648,-0.446327038,224.028,0.533927342,0,0,0,0,1,0,0,0,0,0,0,0,1,0,0,0,0,0,0,0
18252,-106.32,39.08,2805,0.889055513,267.0000912,5.587249,-76.8096,-0.102332261,-576.9864,-0.970269472,-667.2072,-0.865267696,0,0,0,0,0,0,0,1,1,0,0,1,0,0,0,0,0,0,0,0
22379.1,-105.778,39.804,3451.6,1.826654096,1003.000213,6.910751,-412.0896,-1.006560008,37.1856,0.194903724,-1446.276,-2.069083242,0,0,0,0,0,0,0,0,0,0,0,0,0,0,0,1,0,0,0,0
23791,-107.47,40.03,2344,0.220585135,833.0002981,6.725034,828.1416,2.130363897,1091.184,2.187588318,499.872,1.016174075,1,0,0,0,0,0,0,0,0,0,0,0,0,0,0,0,0,0,0,0
25723,-107.62,40.37,2021,-0.247779144,588.9998918,6.378426,453.2376,1.36306742,309.0672,0.711039916,37.7952,0.2236523,0,0,0,0,0,1,0,0,0,0,0,0,0,0,0,0,0,0,0,0
11510,-104.93,37.92,2076,-0.168026712,639.9998871,6.461468,-1286.8656,-2.866686952,-896.112,-1.291564699,-2287.2192,-3.004789922,0,0,0,1,0,0,0,0,0,0,1,0,0,0,1,1,0,0,0,0
25748,-106.604,40.395,2787.8,0.864114753,1054.999952,6.961296,683.0568,2.007593545,825.0936,1.67975014,1014.984,1.733476572,0,0,0,0,0,0,0,0,0,0,0,0,0,0,0,0,0,0,0,0
23106,-105.77,39.9,2823,0.915156309,586.0001233,6.37332,-423.0624,-0.978906162,-232.2576,-0.298262454,-870.204,-1.278561066,0,0,0,0,0,0,0,0,0,0,0,0,0,0,0,0,0,0,0,1
12178,-107.32,38.05,2955,1.106562144,456.0000869,6.122493,-608.9904,-1.447865511,580.0344,1.118160374,266.0904,0.53127997,0,0,0,0,1,0,0,0,0,0,0,0,0,0,0,0,0,1,0,0
28508,-102.52,40.85,1211,-1.42231495,539.0002313,6.289716,-20.1168,0.194137728,-42.0624,0.29085555,-150.876,0.188315934,0,0,1,0,1,0,0,0,0,0,0,0,0,0,0,0,1,0,0,0
19949.1,-106.2,39.38,3486,1.876535617,592.9997634,6.385194,-7.9248,0.087603378,-187.1472,-0.15184344,868.9848,1.493415953,0,1,0,0,0,1,0,0,0,0,1,0,0,0,0,0,0,1,0,0
21422,-105.32,39.63,2203,0.016128902,513.9998636,6.242223,-1260.0432,-2.849307868,-2048.8656,-3.414648338,-1407.2616,-1.981860147,0,1,0,0,0,0,0,0,0,0,0,0,0,0,0,0,0,0,0,0
23110,-105.59,39.937,2952.4,1.102792029,684.0000563,6.527958,-199.0344,-0.417839572,-1250.2896,-2.198741565,-1089.9648,-1.6533215,0,0,0,0,0,0,0,0,1,0,0,0,0,0,0,0,0,0,0,1
11444,-107.675,37.934,2990.8,1.158473727,827.0002522,6.717805,593.7504,1.489435326,377.0376,0.74721891,794.9184,1.283258204,0,0,0,0,0,1,0,0,0,0,0,0,0,0,0,0,0,0,0,1
8389,-103.88,37.38,1523,-0.969901158,623.0002998,6.434547,-111.8616,-0.175515128,-77.1144,-0.032999677,-224.028,-0.235899912,0,0,0,0,0,0,0,0,0,1,0,0,0,1,0,0,0,0,0,0
23106.1,-105.761,39.916,2949.2,1.098151888,652.0002856,6.480045,-423.0624,-0.978906162,-232.2576,-0.298262454,-870.204,-1.278561066,0,0,0,0,0,0,0,0,0,0,0,0,0,1,0,0,0,0,0,0
9989,-107.805,37.651,2709.8,0.751011305,859.9996652,6.756932,553.212,1.65036369,668.1216,1.387793007,1167.9936,1.911349163,0,0,0,0,0,0,0,0,0,0,0,0,0,0,1,1,0,0,0,0
21430,-105.02,39.62,1619,-0.830696914,363.0000602,5.894403,-313.0296,-0.631463798,-547.116,-0.782944368,-1895.2464,-2.750167002,0,0,0,0,0,1,0,0,0,0,0,0,1,0,0,0,0,1,0,0
18799,-103.7,39.18,1690,-0.727743775,328.0001285,5.793014,-205.1304,-0.431370935,-311.8104,-0.414060393,-431.9016,-0.453317003,0,0,0,0,0,0,0,1,0,0,0,1,0,0,0,0,0,0,0,0
17012,-107.58,38.87,1754,-0.634940946,396.9998886,5.983936,601.98,1.482785521,1057.0464,2.004561482,664.7688,1.081404294,0,0,1,0,0,0,0,0,0,0,0,0,0,0,0,0,0,0,0,1
26023,-105.2,40.42,1648,-0.788645632,315.0001138,5.752573,-843.0768,-2.11890479,-1508.1504,-2.722873524,-1769.9736,-2.608374498,0,0,0,0,0,0,0,0,0,0,0,0,0,0,0,0,0,0,0,0
19540,-103.07,39.28,1505,-0.996001953,444.9998744,6.098074,-156.0576,-0.267849808,-349.9104,-0.475629683,-363.9312,-0.369258228,0,0,0,0,1,0,0,0,0,1,0,0,0,0,0,0,0,1,0,1
9021,-107.78,37.52,2274,0.11908204,554.0001735,6.317165,508.1016,1.49627125,708.0504,1.518810932,345.948,0.734991672,0,0,1,0,1,0,0,0,0,0,1,0,0,0,0,0,0,0,1,0
10489,-107.13,37.77,2837,0.935456928,444.0001943,6.095825,355.092,1.31213421,-637.9464,-1.18012692,-653.1864,-0.905644186,0,0,0,0,0,0,0,0,0,0,1,0,0,0,0,0,0,1,0,0
18294,-104.57,39.08,2210,0.026279211,469.0001086,6.150603,-244.1448,-0.485438088,-803.148,-1.395780444,-726.948,-0.954415988,0,0,1,0,0,0,0,0,0,1,0,0,0,0,0,0,0,0,0,0
11928,-107.68,38.02,2507,0.45694234,684.0000563,6.527958,-332.232,-0.666747458,586.1304,1.060846312,829.9704,1.29499129,0,0,0,0,0,0,0,0,0,0,1,0,1,0,0,0,0,0,0,0
17779,-105.88,39,2737,0.790452507,358.9998605,5.883322,-933.2976,-2.084351227,-447.1416,-0.753718817,-1050.036,-1.395771031,0,0,0,1,0,0,0,0,0,1,0,0,0,0,0,0,0,0,0,0
16012,-108.93,38.7,1527,-0.964100981,347.0000764,5.849325,803.148,1.660130848,935.1264,1.676645057,265.176,0.473471963,0,0,0,0,0,0,0,0,0,0,0,0,0,0,0,0,0,0,0,0
19530,-103.5,39.28,1707,-0.703093024,423.999807,6.049733,-49.0728,-0.002579563,-224.9424,-0.243987605,-358.14,-0.36019254,0,0,0,0,0,0,1,0,0,0,0,0,0,0,1,0,0,0,0,1
19181,-107.97,39.25,1874,-0.460935642,391.000172,5.968708,553.8216,1.544370211,717.804,1.503844636,1419.1488,2.384778907,0,0,1,0,0,0,0,0,0,0,0,0,0,0,0,0,0,1,0,0
10082,-103.92,37.67,1502,-1.000352086,324.9999407,5.783825,-170.9928,-0.318746941,-262.128,-0.316028051,-536.7528,-0.621619839,0,0,0,0,0,0,0,0,0,0,0,0,0,0,0,0,0,0,1,0
11197,-107.88,37.87,2875,0.990558608,705.9998323,6.559615,229.8192,0.683435109,813.2064,1.484744533,1113.1296,1.778492372,1,0,1,0,0,0,1,0,0,0,1,0,0,0,0,0,0,0,0,0